{
    "$schema": "http://schema.management.azure.com/schemas/2015-01-01/deploymentTemplate.json#",
    "contentVersion": "1.0.0.0",
    "parameters": {
        "factoryName": {
            "type": "string",
            "metadata": "Data Factory name",
            "defaultValue": "workflow-manager-data-factory"
        },
        "BollingerBandsFunctionLinkedService_functionKey": {
            "type": "secureString",
            "metadata": "Secure string for 'functionKey' of 'BollingerBandsFunctionLinkedService'"
        },
        "EventPublisherFunctionLinkedService_functionKey": {
            "type": "secureString",
            "metadata": "Secure string for 'functionKey' of 'EventPublisherFunctionLinkedService'"
        },
        "WorkflowErrorManagerFunctionLinkedService_functionKey": {
            "type": "secureString",
            "metadata": "Secure string for 'functionKey' of 'WorkflowErrorManagerFunctionLinkedService'"
        },
        "AzureFunction1_functionKey": {
            "type": "secureString",
            "metadata": "Secure string for 'functionKey' of 'AzureFunction1'"
        },
        "DownloadMarketDataLinkedService_functionKey": {
            "type": "secureString",
            "metadata": "Secure string for 'functionKey' of 'DownloadMarketDataLinkedService'"
        },
        "containerUri": {
            "type": "string",
            "metadata": "URI to storage account containing linked ARM templates"
        },
        "containerSasToken": {
            "type": "string",
            "metadata": "Sas token to storage account containing linked ARM templates"
        }
    },
    "variables": {
        "factoryId": "[concat('Microsoft.DataFactory/factories/', parameters('factoryName'))]"
    },
    "resources": [
        {
            "name": "ArmTemplate_0",
            "type": "Microsoft.Resources/deployments",
            "apiVersion": "2018-02-01",
            "properties": {
                "mode": "incremental",
                "templateLink": {
                    "uri": "[concat(parameters('containerUri'), '/ArmTemplate_0.json', parameters('containerSasToken'))]",
                    "contentVersion": "1.0.0.0"
                },
                "parameters": {
                    "factoryName": {
                        "value": "[parameters('factoryName')]"
                    },
                    "BollingerBandsFunctionLinkedService_functionKey": {
                        "value": "[parameters('BollingerBandsFunctionLinkedService_functionKey')]"
                    },
                    "EventPublisherFunctionLinkedService_functionKey": {
                        "value": "[parameters('EventPublisherFunctionLinkedService_functionKey')]"
                    },
                    "WorkflowErrorManagerFunctionLinkedService_functionKey": {
                        "value": "[parameters('WorkflowErrorManagerFunctionLinkedService_functionKey')]"
                    },
                    "AzureFunction1_functionKey": {
                        "value": "[parameters('AzureFunction1_functionKey')]"
                    },
                    "DownloadMarketDataLinkedService_functionKey": {
                        "value": "[parameters('DownloadMarketDataLinkedService_functionKey')]"
                    }
                }
            },
            "dependsOn": []
        }
    ]
}