{
    "$schema": "https://schema.management.azure.com/schemas/2015-01-01/deploymentParameters.json#",
    "contentVersion": "1.0.0.0",
    "parameters": {
        "factoryName": {
            "value": "workflow-manager-data-factory"
        },
        "BollingerBandsFunctionLinkedService_functionKey": {
            "value": ""
        },
        "EventPublisherFunctionLinkedService_functionKey": {
            "value": ""
        },
        "WorkflowErrorManagerFunctionLinkedService_functionKey": {
            "value": ""
        },
        "AzureFunction1_functionKey": {
            "value": ""
        },
        "DownloadMarketDataLinkedService_functionKey": {
            "value": ""
        },
        "containerUri": {
            "value": ""
        },
        "containerSasToken": {
            "value": ""
        }
    }
}