{
    "$schema": "http://schema.management.azure.com/schemas/2015-01-01/deploymentTemplate.json#",
    "contentVersion": "1.0.0.0",
    "parameters": {
        "factoryName": {
            "type": "string",
            "metadata": "Data Factory name",
            "defaultValue": "workflow-manager-data-factory"
        },
        "BollingerBandsFunctionLinkedService_functionKey": {
            "type": "secureString",
            "metadata": "Secure string for 'functionKey' of 'BollingerBandsFunctionLinkedService'"
        },
        "EventPublisherFunctionLinkedService_functionKey": {
            "type": "secureString",
            "metadata": "Secure string for 'functionKey' of 'EventPublisherFunctionLinkedService'"
        },
        "WorkflowErrorManagerFunctionLinkedService_functionKey": {
            "type": "secureString",
            "metadata": "Secure string for 'functionKey' of 'WorkflowErrorManagerFunctionLinkedService'"
        },
        "AzureFunction1_functionKey": {
            "type": "secureString",
            "metadata": "Secure string for 'functionKey' of 'AzureFunction1'"
        },
        "DownloadMarketDataLinkedService_functionKey": {
            "type": "secureString",
            "metadata": "Secure string for 'functionKey' of 'DownloadMarketDataLinkedService'"
        }
    },
    "variables": {
        "factoryId": "[concat('Microsoft.DataFactory/factories/', parameters('factoryName'))]"
    },
    "resources": [
        {
            "name": "[concat(parameters('factoryName'), '/BollingerBandsFunctionLinkedService')]",
            "type": "Microsoft.DataFactory/factories/linkedServices",
            "apiVersion": "2018-06-01",
            "properties": {
                "annotations": [],
                "type": "AzureFunction",
                "typeProperties": {
                    "functionAppUrl": "https://workflow-manager-function.azurewebsites.net",
                    "functionKey": {
                        "type": "SecureString",
                        "value": "[parameters('BollingerBandsFunctionLinkedService_functionKey')]"
                    }
                }
            },
            "dependsOn": []
        },
        {
            "name": "[concat(parameters('factoryName'), '/EventPublisherFunctionLinkedService')]",
            "type": "Microsoft.DataFactory/factories/linkedServices",
            "apiVersion": "2018-06-01",
            "properties": {
                "annotations": [],
                "type": "AzureFunction",
                "typeProperties": {
                    "functionAppUrl": "https://workflow-manager-function.azurewebsites.net",
                    "functionKey": {
                        "type": "SecureString",
                        "value": "[parameters('EventPublisherFunctionLinkedService_functionKey')]"
                    }
                }
            },
            "dependsOn": []
        },
        {
            "name": "[concat(parameters('factoryName'), '/WorkflowErrorManagerFunctionLinkedService')]",
            "type": "Microsoft.DataFactory/factories/linkedServices",
            "apiVersion": "2018-06-01",
            "properties": {
                "annotations": [],
                "type": "AzureFunction",
                "typeProperties": {
                    "functionAppUrl": "https://workflow-manager-function.azurewebsites.net",
                    "functionKey": {
                        "type": "SecureString",
                        "value": "[parameters('WorkflowErrorManagerFunctionLinkedService_functionKey')]"
                    }
                }
            },
            "dependsOn": []
        },
        {
            "name": "[concat(parameters('factoryName'), '/AzureFunction1')]",
            "type": "Microsoft.DataFactory/factories/linkedServices",
            "apiVersion": "2018-06-01",
            "properties": {
                "annotations": [],
                "type": "AzureFunction",
                "typeProperties": {
                    "functionAppUrl": "https://workflow-manager-function.azurewebsites.net",
                    "functionKey": {
                        "type": "SecureString",
                        "value": "[parameters('AzureFunction1_functionKey')]"
                    }
                }
            },
            "dependsOn": []
        },
        {
            "name": "[concat(parameters('factoryName'), '/DownloadMarketDataLinkedService')]",
            "type": "Microsoft.DataFactory/factories/linkedServices",
            "apiVersion": "2018-06-01",
            "properties": {
                "annotations": [],
                "type": "AzureFunction",
                "typeProperties": {
                    "functionAppUrl": "https://workflow-manager-function.azurewebsites.net",
                    "functionKey": {
                        "type": "SecureString",
                        "value": "[parameters('DownloadMarketDataLinkedService_functionKey')]"
                    }
                }
            },
            "dependsOn": []
        },
        {
            "name": "[concat(parameters('factoryName'), '/Marke Data to Bollinger Bands')]",
            "type": "Microsoft.DataFactory/factories/pipelines",
            "apiVersion": "2018-06-01",
            "properties": {
                "activities": [
                    {
                        "name": "BollingerBandsBuilder",
                        "type": "AzureFunctionActivity",
                        "dependsOn": [
                            {
                                "activity": "DownloadMarketData",
                                "dependencyConditions": [
                                    "Succeeded"
                                ]
                            }
                        ],
                        "policy": {
                            "timeout": "7.00:00:00",
                            "retry": 0,
                            "retryIntervalInSeconds": 30,
                            "secureOutput": false,
                            "secureInput": false
                        },
                        "userProperties": [],
                        "typeProperties": {
                            "functionName": "BuildBollingerBands",
                            "method": "POST",
                            "headers": {},
                            "body": {}
                        },
                        "linkedServiceName": {
                            "referenceName": "BollingerBandsFunctionLinkedService",
                            "type": "LinkedServiceReference"
                        }
                    },
                    {
                        "name": "BollingerBandsDataAvailableEventPublisher",
                        "type": "AzureFunctionActivity",
                        "dependsOn": [
                            {
                                "activity": "BollingerBandsBuilder",
                                "dependencyConditions": [
                                    "Succeeded"
                                ]
                            }
                        ],
                        "policy": {
                            "timeout": "7.00:00:00",
                            "retry": 0,
                            "retryIntervalInSeconds": 30,
                            "secureOutput": false,
                            "secureInput": false
                        },
                        "userProperties": [],
                        "typeProperties": {
                            "functionName": "EventPublisher",
                            "method": "POST",
                            "headers": {},
                            "body": {
                                "EventType": "TradingStrategyDataAvailable",
                                "EventData": "test"
                            }
                        },
                        "linkedServiceName": {
                            "referenceName": "EventPublisherFunctionLinkedService",
                            "type": "LinkedServiceReference"
                        }
                    },
                    {
                        "name": "BollingerBandsErrorManager",
                        "type": "AzureFunctionActivity",
                        "dependsOn": [
                            {
                                "activity": "BollingerBandsBuilder",
                                "dependencyConditions": [
                                    "Failed"
                                ]
                            }
                        ],
                        "policy": {
                            "timeout": "7.00:00:00",
                            "retry": 0,
                            "retryIntervalInSeconds": 30,
                            "secureOutput": false,
                            "secureInput": false
                        },
                        "userProperties": [],
                        "typeProperties": {
                            "functionName": "WorkflowErrorManager",
                            "method": "POST",
                            "headers": {},
                            "body": {
                                "Source": "BollingerBands",
                                "Message": "error while building the Bollinger Bands."
                            }
                        },
                        "linkedServiceName": {
                            "referenceName": "WorkflowErrorManagerFunctionLinkedService",
                            "type": "LinkedServiceReference"
                        }
                    },
                    {
                        "name": "EventPublisherErrorManager",
                        "type": "AzureFunctionActivity",
                        "dependsOn": [
                            {
                                "activity": "BollingerBandsDataAvailableEventPublisher",
                                "dependencyConditions": [
                                    "Failed"
                                ]
                            }
                        ],
                        "policy": {
                            "timeout": "7.00:00:00",
                            "retry": 0,
                            "retryIntervalInSeconds": 30,
                            "secureOutput": false,
                            "secureInput": false
                        },
                        "userProperties": [],
                        "typeProperties": {
                            "functionName": "WorkflowErrorManager",
                            "method": "POST",
                            "headers": {},
                            "body": {
                                "Source": "EventPublishers",
                                "Message": "errow while sendgin out bollinger bands data available event."
                            }
                        },
                        "linkedServiceName": {
                            "referenceName": "WorkflowErrorManagerFunctionLinkedService",
                            "type": "LinkedServiceReference"
                        }
                    },
                    {
                        "name": "DownloadMarketData",
                        "type": "AzureFunctionActivity",
                        "dependsOn": [],
                        "policy": {
                            "timeout": "7.00:00:00",
                            "retry": 0,
                            "retryIntervalInSeconds": 30,
                            "secureOutput": false,
                            "secureInput": false
                        },
                        "userProperties": [],
                        "typeProperties": {
                            "functionName": "DownloadMarketData",
                            "method": "POST",
                            "headers": {},
                            "body": {
                                "Symbols": "GOOG;FB;AMEX",
                                "StartDate": "20190101"
                            }
                        },
                        "linkedServiceName": {
                            "referenceName": "DownloadMarketDataLinkedService",
                            "type": "LinkedServiceReference"
                        }
                    }
                ],
                "annotations": []
            },
            "dependsOn": [
                "[concat(variables('factoryId'), '/linkedServices/BollingerBandsFunctionLinkedService')]",
                "[concat(variables('factoryId'), '/linkedServices/EventPublisherFunctionLinkedService')]",
                "[concat(variables('factoryId'), '/linkedServices/WorkflowErrorManagerFunctionLinkedService')]",
                "[concat(variables('factoryId'), '/linkedServices/DownloadMarketDataLinkedService')]"
            ]
        }
    ]
}